classification,n,mean_edge_turnover,mean_rewiring_ratio
silent-edge-failure,46,0.7718864113356808,0.3475719306748884
unresolved,30,0.7687740324781007,0.27414957941474455
adaptive,6,0.7672230784087845,0.43775364650364645
compensatory-but-fragile,2,0.7177033492822966,0.375
